"Module","Genes","meanEigenExpression","meanMethylation","propCpGsCovered","CpG_Treatment_P","CpG_Time_P","CpG_Interaction_P","Exp_CpG_slope","Exp_CpG_R2","Exp_CpG_P","DiffpH_Exp_slope","DiffpH_Exp_R2","DiffpH_Exp_P"
"cyan",1248,0.0017442042991815,0.788746406453042,0.380608974358974,0.0350028769262614,0.222738087288929,0.399559654680859,0.0848801348716235,0.096024109536926,0.0873862792711014,-0.886646381174732,0.201667004271652,0.0207429898942203
"lavenderblush3",81,0.00766997141015718,0.765815693029205,0.691358024691358,0.0380922467641335,0.557113905558602,0.202093891638745,-0.0501140311342048,0.135419134895121,0.0515080713243336,0.797326723692702,0.147762088015206,0.0435892796345974
"darkred",253,0.0012667269649707,0.769469754436086,0.569169960474308,0.123400225651601,0.093480764694702,0.653237094797912,-0.0355033322512884,0.0149581954960982,0.2643417918514,0.808151453082464,0.159231565346757,0.0372937967665766
"turquoise",5059,0.00529545865558245,0.777641288938293,0.554062067602293,0.0128118272934807,0.0528502558204706,0.333156377709875,-0.00900504941926657,-0.0476106950631672,0.833040513427868,0.796863713891628,0.150704044182043,0.041883283434765
